Workbook

Sheet 주제100선
A1: 번호 | B1: 카테고리ID | C1: 카테고리 | D1: 주제 | E1: 메인키워드 | F1: 보조키워드 | G1: 월검색량 | H1: 난이도 | I1: CPC원 | J1: 우선순위 | K1: 담당저자 | L1: 예상발행일 | M1: 상태
A2: 1 | B2: diet | C2: 체중감량 | D2: 30일 만에 체지방 3kg 빼는 식단 설계법 | E2: 체지방 감량 | F2: 저탄고지,칼로리,감량 | G2: 22000 | H2: 3 | I2: 780 | J2: P0 | K2: kim-yunsu | L2: 46151 | M2: 대기
A3: 2 | B3: diet | C3: 체중감량 | D3: 간헐적 단식 16:8 초보자 완벽 가이드 | E3: 간헐적 단식 | F3: 16대8,단식,다이어트 | G3: 33000 | H3: 3 | I3: 920 | J3: P0 | K3: kim-yunsu | L3: 46144 | M3: 대기
A4: 3 | B4: diet | C4: 체중감량 | D4: 정체기 탈출 치팅데이 설계법 | E4: 정체기 | F4: 치팅데이,리피드,대사 | G4: 12000 | H4: 4 | I4: 650 | J4: P1 | K4: kim-yunsu | L4: 46179 | M4: 대기
A5: 4 | B5: diet | C5: 체중감량 | D5: 저칼로리 도시락 일주일 식단 | E5: 저칼로리 도시락 | F5: 도시락,식단,감량 | G5: 8500 | H5: 2 | I5: 540 | J5: P1 | K5: kim-yunsu | L5: 46183 | M5: 대기
A6: 5 | B6: diet | C6: 체중감량 | D6: 폭식 방지 심리전략 10가지 | E6: 폭식 방지 | F6: 스트레스,식욕,감정식사 | G6: 9200 | H6: 3 | I6: 710 | J6: P1 | K6: kim-yunsu | L6: 46182 | M6: 대기
A7: 6 | B7: diet | C7: 체중감량 | D7: 체중계보다 중요한 인바디 수치 읽는 법 | E7: 인바디 보는 법 | F7: 체지방률,골격근량,인바디 | G7: 26000 | H7: 2 | I7: 480 | J7: P0 | K7: kim-yunsu | L7: 46146 | M7: 대기
A8: 7 | B8: diet | C8: 체중감량 | D8: 야식 끊는 현실적 방법 7가지 | E8: 야식 끊기 | F8: 야간식욕,수면,다이어트 | G8: 15000 | H8: 2 | I8: 620 | J8: P1 | K8: kim-yunsu | L8: 46168 | M8: 대기
A9: 8 | B9: diet | C9: 체중감량 | D9: 다이어트 중 외식 살 안 찌는 주문법 | E9: 다이어트 외식 | F9: 회식,외식,메뉴선택 | G9: 11000 | H9: 2 | I9: 680 | J9: P1 | K9: kim-yunsu | L9: 46180 | M9: 대기
A10: 9 | B10: diet | C10: 체중감량 | D10: 저탄고지 vs 저지방 다이어트 비교 | E10: 저탄고지 저지방 | F10: 케토,지방,탄수화물 | G10: 14000 | H10: 4 | I10: 870 | J10: P1 | K10: kim-yunsu | L10: 46171 | M10: 대기
A11: 10 | B11: diet | C11: 체중감량 | D11: PT 없이 혼자 감량하는 12주 플랜 | E11: 혼자 다이어트 | F11: PT,혼감,플랜 | G11: 7800 | H11: 3 | I11: 590 | J11: P2 | K11: kim-yunsu | L11: 46192 | M11: 대기
A12: 11 | B12: diet | C12: 체중감량 | D12: 출산 후 다이어트 안전하게 시작하기 | E12: 출산 후 다이어트 | F12: 산후,모유수유,감량 | G12: 18000 | H12: 3 | I12: 830 | J12: P0 | K12: kim-yunsu | L12: 46157 | M12: 대기
A13: 12 | B13: diet | C13: 체중감량 | D13: 사무직의 복부지방 빼는 현실 전략 | E13: 복부지방 | F13: 뱃살,사무직,복부 | G13: 21000 | H13: 3 | I13: 740 | J13: P0 | K13: kim-yunsu | L13: 46153 | M13: 대기
... A101: 100 | B101: motivation | C101: 동기부여·습관 | D101: 작심삼일 극복 심리학적 방법 | E101: 작심삼일 극복 | F101: 의지력,습관,심리 | G101: 9200 | H101: 3 | I101: 480 | J101: P2 | K101: kim-yunsu | L101: 46189 | M101: 대기

Sheet 카테고리_요약
A1: 카테고리ID | B1: 카테고리 | C1: 담당저자 | D1: 주제수 | E1: 평균월검색량 | F1: 평균난이도 | G1: 평균CPC원 | H1: P0 수 | I1: P1 수 | J1: P2 수
A2: diet | B2: 체중감량 | C2: kim-yunsu | D2: =COUNTIF(주제100선!B2:B101,A2) -> 15 | E2: =AVERAGEIF(주제100선!B2:B101,A2,주제100선!G2:G101) -> 15786.667 | F2: =AVERAGEIF(주제100선!B2:B101,A2,주제100선!H2:H101) -> 2.7333333 | G2: =AVERAGEIF(주제100선!B2:B101,A2,주제100선!I2:I101) -> 678.66667 | H2: =COUNTIFS(주제100선!B2:B101,A2,주제100선!J2:J101,"P0") -> 5 | I2: =COUNTIFS(주제100선!B2:B101,A2,주제100선!J2:J101,"P1") -> 8 | J2: =COUNTIFS(주제100선!B2:B101,A2,주제100선!J2:J101,"P2") -> 2
A3: exercise | B3: 근력운동 | C3: kim-yunsu | D3: =COUNTIF(주제100선!B2:B101,A3) -> 12 | E3: =AVERAGEIF(주제100선!B2:B101,A3,주제100선!G2:G101) -> 17558.333 | F3: =AVERAGEIF(주제100선!B2:B101,A3,주제100선!H2:H101) -> 2.5833333 | G3: =AVERAGEIF(주제100선!B2:B101,A3,주제100선!I2:I101) -> 603.33333 | H3: =COUNTIFS(주제100선!B2:B101,A3,주제100선!J2:J101,"P0") -> 4 | I3: =COUNTIFS(주제100선!B2:B101,A3,주제100선!J2:J101,"P1") -> 5 | J3: =COUNTIFS(주제100선!B2:B101,A3,주제100선!J2:J101,"P2") -> 3
A4: cardio | B4: 유산소·러닝 | C4: kim-yunsu | D4: =COUNTIF(주제100선!B2:B101,A4) -> 10 | E4: =AVERAGEIF(주제100선!B2:B101,A4,주제100선!G2:G101) -> 15570 | F4: =AVERAGEIF(주제100선!B2:B101,A4,주제100선!H2:H101) -> 2.7 | G4: =AVERAGEIF(주제100선!B2:B101,A4,주제100선!I2:I101) -> 621 | H4: =COUNTIFS(주제100선!B2:B101,A4,주제100선!J2:J101,"P0") -> 2 | I4: =COUNTIFS(주제100선!B2:B101,A4,주제100선!J2:J101,"P1") -> 5 | J4: =COUNTIFS(주제100선!B2:B101,A4,주제100선!J2:J101,"P2") -> 3
A5: hometraining | B5: 홈트레이닝 | C5: kim-yunsu | D5: =COUNTIF(주제100선!B2:B101,A5) -> 10 | E5: =AVERAGEIF(주제100선!B2:B101,A5,주제100선!G2:G101) -> 14370 | F5: =AVERAGEIF(주제100선!B2:B101,A5,주제100선!H2:H101) -> 2.3 | G5: =AVERAGEIF(주제100선!B2:B101,A5,주제100선!I2:I101) -> 570 | H5: =COUNTIFS(주제100선!B2:B101,A5,주제100선!J2:J101,"P0") -> 1 | I5: =COUNTIFS(주제100선!B2:B101,A5,주제100선!J2:J101,"P1") -> 6 | J5: =COUNTIFS(주제100선!B2:B101,A5,주제100선!J2:J101,"P2") -> 3
A6: nutrition | B6: 식단·영양 | C6: park-jiwon | D6: =COUNTIF(주제100선!B2:B101,A6) -> 12 | E6: =AVERAGEIF(주제100선!B2:B101,A6,주제100선!G2:G101) -> 17583.333 | F6: =AVERAGEIF(주제100선!B2:B101,A6,주제100선!H2:H101) -> 2.4166667 | G6: =AVERAGEIF(주제100선!B2:B101,A6,주제100선!I2:I101) -> 640 | H6: =COUNTIFS(주제100선!B2:B101,A6,주제100선!J2:J101,"P0") -> 5 | I6: =COUNTIFS(주제100선!B2:B101,A6,주제100선!J2:J101,"P1") -> 6 | J6: =COUNTIFS(주제100선!B2:B101,A6,주제100선!J2:J101,"P2") -> 1
A7: health | B7: 건강·웰빙 | C7: park-jiwon | D7: =COUNTIF(주제100선!B2:B101,A7) -> 10 | E7: =AVERAGEIF(주제100선!B2:B101,A7,주제100선!G2:G101) -> 18750 | F7: =AVERAGEIF(주제100선!B2:B101,A7,주제100선!H2:H101) -> 2.8 | G7: =AVERAGEIF(주제100선!B2:B101,A7,주제100선!I2:I101) -> 761 | H7: =COUNTIFS(주제100선!B2:B101,A7,주제100선!J2:J101,"P0") -> 5 | I7: =COUNTIFS(주제100선!B2:B101,A7,주제100선!J2:J101,"P1") -> 4 | J7: =COUNTIFS(주제100선!B2:B101,A7,주제100선!J2:J101,"P2") -> 1
A8: supplement | B8: 보충제·영양제 | C8: park-jiwon | D8: =COUNTIF(주제100선!B2:B101,A8) -> 8 | E8: =AVERAGEIF(주제100선!B2:B101,A8,주제100선!G2:G101) -> 13750 | F8: =AVERAGEIF(주제100선!B2:B101,A8,주제100선!H2:H101) -> 2.875 | G8: =AVERAGEIF(주제100선!B2:B101,A8,주제100선!I2:I101) -> 863.75 | H8: =COUNTIFS(주제100선!B2:B101,A8,주제100선!J2:J101,"P0") -> 3 | I8: =COUNTIFS(주제100선!B2:B101,A8,주제100선!J2:J101,"P1") -> 3 | J8: =COUNTIFS(주제100선!B2:B101,A8,주제100선!J2:J101,"P2") -> 2
A9: skincare | B9: 스킨케어 | C9: lee-soyoung | D9: =COUNTIF(주제100선!B2:B101,A9) -> 12 | E9: =AVERAGEIF(주제100선!B2:B101,A9,주제100선!G2:G101) -> 19250 | F9: =AVERAGEIF(주제100선!B2:B101,A9,주제100선!H2:H101) -> 2.75 | G9: =AVERAGEIF(주제100선!B2:B101,A9,주제100선!I2:I101) -> 825.83333 | H9: =COUNTIFS(주제100선!B2:B101,A9,주제100선!J2:J101,"P0") -> 8 | I9: =COUNTIFS(주제100선!B2:B101,A9,주제100선!J2:J101,"P1") -> 3 | J9: =COUNTIFS(주제100선!B2:B101,A9,주제100선!J2:J101,"P2") -> 1
A10: beauty | B10: 뷰티·메이크업 | C10: lee-soyoung | D10: =COUNTIF(주제100선!B2:B101,A10) -> 6 | E10: =AVERAGEIF(주제100선!B2:B101,A10,주제100선!G2:G101) -> 15333.333 | F10: =AVERAGEIF(주제100선!B2:B101,A10,주제100선!H2:H101) -> 2.5 | G10: =AVERAGEIF(주제100선!B2:B101,A10,주제100선!I2:I101) -> 656.66667 | H10: =COUNTIFS(주제100선!B2:B101,A10,주제100선!J2:J101,"P0") -> 1 | I10: =COUNTIFS(주제100선!B2:B101,A10,주제100선!J2:J101,"P1") -> 3 | J10: =COUNTIFS(주제100선!B2:B101,A10,주제100선!J2:J101,"P2") -> 2
A11: motivation | B11: 동기부여·습관 | C11: kim-yunsu | D11: =COUNTIF(주제100선!B2:B101,A11) -> 5 | E11: =AVERAGEIF(주제100선!B2:B101,A11,주제100선!G2:G101) -> 12740 | F11: =AVERAGEIF(주제100선!B2:B101,A11,주제100선!H2:H101) -> 2.4 | G11: =AVERAGEIF(주제100선!B2:B101,A11,주제100선!I2:I101) -> 546 | H11: =COUNTIFS(주제100선!B2:B101,A11,주제100선!J2:J101,"P0") -> 1 | I11: =COUNTIFS(주제100선!B2:B101,A11,주제100선!J2:J101,"P1") -> 3 | J11: =COUNTIFS(주제100선!B2:B101,A11,주제100선!J2:J101,"P2") -> 1
A12: 합계 | D12: =SUM(D2:D11) -> 100 | E12: =AVERAGE(주제100선!G2:G101) -> 16421 | F12: =AVERAGE(주제100선!H2:H101) -> 2.62 | G12: =AVERAGE(주제100선!I2:I101) -> 681.1 | H12: =COUNTIF(주제100선!J2:J101,"P0") -> 35 | I12: =COUNTIF(주제100선!J2:J101,"P1") -> 46 | J12: =COUNTIF(주제100선!J2:J101,"P2") -> 19

Sheet 월별_발행계획
A1: 월 | B1: 총 발행수 | C1: 체중감량 | D1: 근력운동 | E1: 유산소·러닝 | F1: 홈트레이닝 | G1: 식단·영양 | H1: 건강·웰빙 | I1: 보충제·영양제 | J1: 스킨케어 | K1: 뷰티·메이크업 | L1: 동기부여·습관
A2: 2026-05 | B2: 62 | C2: 9 | D2: 7 | E2: 5 | F2: 5 | G2: 9 | H2: 8 | I2: 4 | J2: 10 | K2: 3 | L2: 2
A3: 2026-06 | B3: 38 | C3: 6 | D3: 5 | E3: 5 | F3: 5 | G3: 3 | H3: 2 | I3: 4 | J3: 2 | K3: 3 | L3: 3

Sheet 사용안내
A1: 주제 100선 · 에디토리얼 캘린더 사용 가이드
A3: 1. 이 파일은 CLAUDE_CODE_PROMPTS/07_카테고리확장 프롬프트의 scripts/import-topics.js 에서 읽어 TopicQueue 테이블로 적재됩니다.
A4: 2. [주제100선] 시트의 컬럼 순서·헤더명을 변경하지 마세요 (import 스크립트와 결합).
A5: 3. 우선순위 P0 = 첫 30일 발행 대상, P1 = 31~60일, P2 = 61일 이후.
A6: 4. 담당저자 값(kim-yunsu / park-jiwon / lee-soyoung)은 Prisma Author.slug 와 일치해야 합니다.
A7: 5. 예상발행일은 하루 2건 발행 기준으로 자동 배치되었습니다 (2026-05-01 시작).
A8: 6. 주제를 추가하려면 새 행 삽입 → 번호/카테고리ID/담당저자/예상발행일만 맞추면 자동화 파이프라인이 처리합니다.
A9: 7. 카테고리_요약, 월별_발행계획 시트는 COUNTIF/AVERAGEIF 수식 기반이므로 주제 추가 시 자동 반영됩니다.
A11: 작성일: 2026-04-23 · 기획 프로젝트: HELIX Journal (다이어트·건강·피부미용 백과)
